,schools_name,schools_enrollment,schools_adress,schools_adress_url,Latitude,Longitude
0,Martin Luther King Jr. High School,"3,071","9301 Wood Road, Riverside, CA 92508",https://www.greatschools.org/california/riverside/11807-Martin-Luther-King-Jr.-High-School/#Neighborhood,33.8838128,-117.3344411
1,Riverside Stem Academy,663,"4466 Mount Vernon Avenue, Riverside, CA 92507",https://www.greatschools.org/california/riverside/27053-Riverside-Stem-Academy/#Neighborhood,33.9688148,-117.3132149
2,Lake Hills Elementary School,747,"16346 Village Meadow Drive, Riverside, CA 92503",https://www.greatschools.org/california/riverside/17489-Lake-Hills-Elementary-School/#Neighborhood,33.8714879,-117.4814693
3,Benjamin Franklin Elementary School,819,"19661 Orange Terrace Parkway, Riverside, CA 92508",https://www.greatschools.org/california/riverside/4456-Benjamin-Franklin-Elementary-School/#Neighborhood,33.8942583,-117.3203746
4,Tomas Rivera Elementary School,740,"20440 Red Poppy Lane, Riverside, CA 92508",https://www.greatschools.org/california/riverside/4479-Tomas-Rivera-Elementary-School/#Neighborhood,33.8884683,-117.3061405
5,Mark Twain Elementary School,"1,055","19411 Krameria Avenue, Riverside, CA 92508",https://www.greatschools.org/california/riverside/17052-Mark-Twain-Elementary-School/#Neighborhood,33.8790928,-117.3242773
6,Riverside Virtual,117,"4011 Fourteenth Street, Riverside, CA 92506",https://www.greatschools.org/california/riverside/17661-Riverside-Virtual/#Neighborhood,33.9782678,-117.3820743
7,John F. Kennedy Elementary School,"1,018","19125 Schoolhouse Lane, Riverside, CA 92508",https://www.greatschools.org/california/riverside/12191-John-F.-Kennedy-Elementary-School/#Neighborhood,33.8972881,-117.3297868
8,Lake Mathews Elementary School,831,"12252 Blackburn Road, Riverside, CA 92503",https://www.greatschools.org/california/riverside/12360-Lake-Mathews-Elementary-School/#Neighborhood,33.8643584,-117.4465308
9,Frank Augustus Miller Middle School,"1,033","17925 Krameria Avenue, Riverside, CA 92504",https://www.greatschools.org/california/riverside/25121-Frank-Augustus-Miller-Middle-School/#Neighborhood,33.87873280000001,-117.3502215
10,Amelia Earhart Middle School,926,"20202 Aptos Street, Riverside, CA 92508",https://www.greatschools.org/california/riverside/4454-Amelia-Earhart-Middle-School/#Neighborhood,33.8904939,-117.3108241
11,Polytechnic High School,"2,465","5450 Victoria Avenue, Riverside, CA 92506",https://www.greatschools.org/california/riverside/4476-Polytechnic-High-School/#Neighborhood,33.9515644,-117.3694972
12,Hillcrest High School,"1,638","11800 Indiana Avenue, Riverside, CA 92503",https://www.greatschools.org/california/riverside/27048-Hillcrest-High-School/#Neighborhood,33.8899333,-117.4844971
13,Arizona Middle School,918,"11045 Arizona Avenue, Riverside, CA 92503",https://www.greatschools.org/california/riverside/4202-Arizona-Middle-School/#Neighborhood,33.8916963,-117.4649471
14,Madison Elementary School,730,"3635 Madison Street, Riverside, CA 92504",https://www.greatschools.org/california/riverside/4470-Madison-Elementary-School/#Neighborhood,33.9390568,-117.4065058
15,Pachappa Elementary School,760,"6200 Riverside Avenue, Riverside, CA 92506",https://www.greatschools.org/california/riverside/4475-Pachappa-Elementary-School/#Neighborhood,33.9557174,-117.3861823
16,Ysmael Villegas Middle School,"1,398","3754 Harvill Lane, Riverside, CA 92503",https://www.greatschools.org/california/riverside/12545-Ysmael-Villegas-Middle-School/#Neighborhood,33.8833401,-117.5065165
17,Reach Leadership Academy,573,"3422 Rustin Ave Riverside, CA 92507, Riverside, CA 92504",https://www.greatschools.org/california/riverside/26934-Reach-Leadership-Academy/#Neighborhood,33.9801538,-117.3352504
18,S. Christa Mcauliffe Elementary School,759,"4100 Golden Avenue, Riverside, CA 92505",https://www.greatschools.org/california/riverside/4209-S.-Christa-Mcauliffe-Elementary-School/#Neighborhood,33.9046654,-117.4853688
19,Alcott Elementary School,761,"2433 Central Avenue, Riverside, CA 92506",https://www.greatschools.org/california/riverside/4448-Alcott-Elementary-School/#Neighborhood,33.9540792,-117.3637133
20,Arlington High School,"1,928","2951 Jackson Street, Riverside, CA 92503",https://www.greatschools.org/california/riverside/4449-Arlington-High-School/#Neighborhood,33.9147322,-117.4278484
21,Bryant Elementary School,441,"4324 Third Street, Riverside, CA 92501",https://www.greatschools.org/california/riverside/4450-Bryant-Elementary-School/#Neighborhood,33.9901337,-117.3789976
22,Castle View Elementary School,647,"6201 Shaker Drive, Riverside, CA 92506",https://www.greatschools.org/california/riverside/4451-Castle-View-Elementary-School/#Neighborhood,33.9368063,-117.3443406
23,Harrison Elementary School,493,"2901 Harrison Street, Riverside, CA 92503",https://www.greatschools.org/california/riverside/4460-Harrison-Elementary-School/#Neighborhood,33.9050682,-117.4435253
24,Hawthorne Elementary School,736,"2700 Irving Street, Riverside, CA 92503",https://www.greatschools.org/california/riverside/4461-Hawthorne-Elementary-School/#Neighborhood,33.9112823,-117.4242063
25,Highgrove Elementary School,761,"690 Center Street, Riverside, CA 92507",https://www.greatschools.org/california/riverside/4462-Highgrove-Elementary-School/#Neighborhood,34.0151114,-117.3258958
26,Longfellow Elementary School,741,"3610 Eucalyptus Avenue, Riverside, CA 92507",https://www.greatschools.org/california/riverside/4469-Longfellow-Elementary-School/#Neighborhood,33.977416,-117.3586867
27,Magnolia Elementary School,614,"3975 Maplewood Place, Riverside, CA 92506",https://www.greatschools.org/california/riverside/4471-Magnolia-Elementary-School/#Neighborhood,33.9628067,-117.3926139
28,John W. North High School,"2,228","1550 West Third Street, Riverside, CA 92507",https://www.greatschools.org/california/riverside/4474-John-W.-North-High-School/#Neighborhood,33.9809478,-117.3462228
29,Ramona High School,"2,157","7675 Magnolia Avenue, Riverside, CA 92504",https://www.greatschools.org/california/riverside/4478-Ramona-High-School/#Neighborhood,33.9402856,-117.4128765
30,Woodcrest Elementary School,660,"16940 Krameria Avenue, Riverside, CA 92504",https://www.greatschools.org/california/riverside/4486-Woodcrest-Elementary-School/#Neighborhood,33.8806682,-117.3678906
31,Patricia Beatty Elementary School,608,"4261 Latham Road, Riverside, CA 92501",https://www.greatschools.org/california/riverside/17606-Patricia-Beatty-Elementary-School/#Neighborhood,34.0033623,-117.3722973
32,Rosemary Kennedy Elementary School,489,"6411 Mitchell Avenue, Riverside, CA 92505",https://www.greatschools.org/california/riverside/11047-Rosemary-Kennedy-Elementary-School/#Neighborhood,33.9453801,-117.4910115
33,Collett Elementary School,578,"10850 Collett Avenue, Riverside, CA 92505",https://www.greatschools.org/california/riverside/4204-Collett-Elementary-School/#Neighborhood,33.9134996,-117.4788059
34,La Sierra High School,"1,723","4145 La Sierra Avenue, Riverside, CA 92505",https://www.greatschools.org/california/riverside/4207-La-Sierra-High-School/#Neighborhood,33.9087172,-117.4791028
35,Loma Vista Middle School,992,"11050 Arlington Avenue, Riverside, CA 92505",https://www.greatschools.org/california/riverside/4208-Loma-Vista-Middle-School/#Neighborhood,33.944465,-117.4993146
36,Myra Linn Elementary School,526,"10435 Branigan Way, Riverside, CA 92505",https://www.greatschools.org/california/riverside/4210-Myra-Linn-Elementary-School/#Neighborhood,33.9194878,-117.4729819
37,Norte Vista High School,"2,123","6585 Crest Avenue, Riverside, CA 92503",https://www.greatschools.org/california/riverside/4211-Norte-Vista-High-School/#Neighborhood,33.9494254,-117.4747252
38,Terrace Elementary School,687,"6601 Rutland Street, Riverside, CA 92503",https://www.greatschools.org/california/riverside/4214-Terrace-Elementary-School/#Neighborhood,33.9501094,-117.467958
39,Twinhill Elementary School,459,"11000 Campbell Avenue, Riverside, CA 92505",https://www.greatschools.org/california/riverside/4215-Twinhill-Elementary-School/#Neighborhood,33.9316781,-117.4933281
40,Adams Elementary School,539,"8362 Colorado Avenue, Riverside, CA 92504",https://www.greatschools.org/california/riverside/4447-Adams-Elementary-School/#Neighborhood,33.944893,-117.4351611
41,Emerson Elementary School,740,"4660 Ottawa Avenue, Riverside, CA 92507",https://www.greatschools.org/california/riverside/4455-Emerson-Elementary-School/#Neighborhood,33.9657726,-117.3517318
42,Fremont Elementary School,552,"1925 Orange Street, Riverside, CA 92501",https://www.greatschools.org/california/riverside/4457-Fremont-Elementary-School/#Neighborhood,33.9980802,-117.3632756
43,Matthew Gage Middle School,"1,014","6400 Lincoln Avenue, Riverside, CA 92506",https://www.greatschools.org/california/riverside/4458-Matthew-Gage-Middle-School/#Neighborhood,33.9390429,-117.3790449
44,Jackson Elementary School,740,"4585 Jackson Street, Riverside, CA 92503",https://www.greatschools.org/california/riverside/4465-Jackson-Elementary-School/#Neighborhood,33.93685,-117.4485268
45,Jefferson Elementary School,993,"4285 Jefferson Street, Riverside, CA 92504",https://www.greatschools.org/california/riverside/4466-Jefferson-Elementary-School/#Neighborhood,33.9454886,-117.4231717
46,Liberty Elementary School,725,"9631 Hayes Street, Riverside, CA 92503",https://www.greatschools.org/california/riverside/4467-Liberty-Elementary-School/#Neighborhood,33.9210103,-117.4505916
47,Monroe Elementary School,646,"8535 Garfield Avenue, Riverside, CA 92504",https://www.greatschools.org/california/riverside/4472-Monroe-Elementary-School/#Neighborhood,33.9344889,-117.4314529
48,Mountain View Elementary School,833,"6180 Streeter Avenue, Riverside, CA 92504",https://www.greatschools.org/california/riverside/4473-Mountain-View-Elementary-School/#Neighborhood,33.960019,-117.4173135
49,Sierra Middle School,871,"4950 Central Avenue, Riverside, CA 92504",https://www.greatschools.org/california/riverside/4481-Sierra-Middle-School/#Neighborhood,33.9525643,-117.4116439
50,William Howard Taft Elementary School,657,"959 Mission Grove Parkway North, Riverside, CA 92506",https://www.greatschools.org/california/riverside/4482-William-Howard-Taft-Elementary-School/#Neighborhood,33.9277041,-117.3329203
51,Victoria Elementary School,575,"2910 Arlington Avenue, Riverside, CA 92506",https://www.greatschools.org/california/riverside/4484-Victoria-Elementary-School/#Neighborhood,33.9452208,-117.37536
52,Washington Elementary School,876,"2760 Jane Street, Riverside, CA 92506",https://www.greatschools.org/california/riverside/4485-Washington-Elementary-School/#Neighborhood,33.935093,-117.3830841
53,Phillip M. Stokoe Elementary School,699,"4501 Ambs Drive, Riverside, CA 92505",https://www.greatschools.org/california/riverside/17623-Phillip-M.-Stokoe-Elementary-School/#Neighborhood,33.9057679,-117.4994293
54,Arlanza Elementary School,523,"5891 Rutland Avenue, Riverside, CA 92503",https://www.greatschools.org/california/riverside/4203-Arlanza-Elementary-School/#Neighborhood,33.9415008,-117.468348
55,Foothill Elementary School,565,"8230 Wells Avenue, Riverside, CA 92503",https://www.greatschools.org/california/riverside/4205-Foothill-Elementary-School/#Neighborhood,33.9344055,-117.462666
56,Allan Orrenmaa Elementary School,557,"3350 Fillmore Street, Riverside, CA 92503",https://www.greatschools.org/california/riverside/4212-Allan-Orrenmaa-Elementary-School/#Neighborhood,33.8924506,-117.4776385
57,Valley View Elementary School,571,"11750 Gramercy Place, Riverside, CA 92505",https://www.greatschools.org/california/riverside/4216-Valley-View-Elementary-School/#Neighborhood,33.9220853,-117.5061495
58,Wells Middle School,899,"10000 Wells Avenue, Riverside, CA 92503",https://www.greatschools.org/california/riverside/4217-Wells-Middle-School/#Neighborhood,33.9325248,-117.4691739
59,Chemawa Middle School,951,"8830 Magnolia Avenue, Riverside, CA 92503",https://www.greatschools.org/california/riverside/4453-Chemawa-Middle-School/#Neighborhood,33.9265137,-117.4335678
60,University Heights Middle School,850,"1155 Massachusetts Avenue, Riverside, CA 92507",https://www.greatschools.org/california/riverside/4483-University-Heights-Middle-School/#Neighborhood,33.988157,-117.3363063
61,Summit View Independent Study School,253,"6401 Lincoln Avenue, Riverside, CA 92506",https://www.greatschools.org/california/riverside/11059-Summit-View-Independent-Study-School/#Neighborhood,33.9411683,-117.3793351
62,California School For The Deaf-Riverside,348,"3044 Horace Street, Riverside, CA 92506",https://www.greatschools.org/california/riverside/12331-California-School-For-The-Deaf-Riverside/#Neighborhood,33.9456545,-117.3819283
63,Riverside County Special Education School,602,"3939 13th Street, Riverside, CA 92502",https://www.greatschools.org/california/riverside/12333-Riverside-County-Special-Education-School/#Neighborhood,33.9789061,-117.3804219
64,Alvord Alternative Education Center,163,"10368 Campbell Avenue, Riverside, CA 92505",https://www.greatschools.org/california/riverside/27049-Alvord-Alternative-Education-Center/#Neighborhood,33.9358336,-117.4812628
65,Come Back Kids,581,"3939 13th Street, Riverside, CA 92501",https://www.greatschools.org/california/riverside/31158-Come-Back-Kids/#Neighborhood,33.9789061,-117.3804219
66,Gateway College And Career Academy,172,"4800 Magnolia Avenue, Riverside, CA 92506",https://www.greatschools.org/california/riverside/31183-Gateway-College-And-Career-Academy/#Neighborhood,33.9714889,-117.3808994
67,La Granada Elementary School,626,"10346 Keller Avenue, Riverside, CA 92505",https://www.greatschools.org/california/riverside/4206-La-Granada-Elementary-School/#Neighborhood,33.9334618,-117.4789919
68,Central Middle School,684,"4795 Magnolia Avenue, Riverside, CA 92506",https://www.greatschools.org/california/riverside/4452-Central-Middle-School/#Neighborhood,33.9718228,-117.3851037
69,Highland Elementary School,704,"700 Highlander Drive, Riverside, CA 92507",https://www.greatschools.org/california/riverside/4463-Highland-Elementary-School/#Neighborhood,33.9859308,-117.327742
70,Alvord Continuation High School,168,"3606 Pierce Street, Riverside, CA 92503",https://www.greatschools.org/california/riverside/4201-Alvord-Continuation-High-School/#Neighborhood,33.8909997,-117.4897223
71,Riverside County Community School,307,"3939 13th Street, Riverside, CA 92501",https://www.greatschools.org/california/riverside/14098-Riverside-County-Community-School/#Neighborhood,33.9789061,-117.3804219
72,Opportunity Program School,42,"6401 Lincoln Avenue, Riverside, CA 92506",https://www.greatschools.org/california/riverside/14219-Opportunity-Program-School/#Neighborhood,33.9411683,-117.3793351
73,Alvord Adult Education,0,"3606 Pierce Street, Riverside, CA 92503",https://www.greatschools.org/california/riverside/14444-Alvord-Adult-Education/#Neighborhood,33.8909997,-117.4897223
74,Riverside Adult,0,"6735 Magnolia Avenue, Riverside, CA 92506",https://www.greatschools.org/california/riverside/14541-Riverside-Adult/#Neighborhood,33.9512741,-117.3987354
75,Riverside County Rop School,?,"3939 13th Street, Riverside, CA 92502",https://www.greatschools.org/california/riverside/14983-Riverside-County-Rop-School/#Neighborhood,33.9789061,-117.3804219
76,St. Thomas The Apostle School,186,"9136 Magnolia Avenue, Riverside, CA 92503",https://www.greatschools.org/california/riverside/15087-St.-Thomas-The-Apostle-School/#Neighborhood,33.9239986,-117.4396522
77,Life Christian Academy,?,"3270 Rubidoux Boulevard, Riverside, CA 92509",https://www.greatschools.org/california/riverside/15249-Life-Christian-Academy/#Neighborhood,34.0017589,-117.4022694
78,Kindercare Learning Center,27,"7897 Mission Grove Parkway South, Riverside, CA 92508",https://www.greatschools.org/california/riverside/15432-Kindercare-Learning-Center/#Neighborhood,33.9085976,-117.3281634
79,Bethel Christian Schools,263,"2425 Van Buren Boulevard, Riverside, CA 92503",https://www.greatschools.org/california/riverside/16336-Bethel-Christian-Schools/#Neighborhood,33.9013608,-117.4291166
80,Cottonwood Montessori School,60,"4302 Pedley Road, Riverside, CA 92509",https://www.greatschools.org/california/riverside/16344-Cottonwood-Montessori-School/#Neighborhood,34.0099592,-117.474944
81,Mira Loma Christian School,10,"4752 Felspar Street, Riverside, CA 92509",https://www.greatschools.org/california/riverside/16360-Mira-Loma-Christian-School/#Neighborhood,34.0019599,-117.4836714
82,Mount Zion Academy,?,"6664 Barkdale Lane, Riverside, CA 92509",https://www.greatschools.org/california/riverside/16366-Mount-Zion-Academy/#Neighborhood,34.0298288,-117.4148215
83,Riverside Preparatory Academy,?,"9152 Owari Lane, Riverside, CA 92508",https://www.greatschools.org/california/riverside/16377-Riverside-Preparatory-Academy/#Neighborhood,33.8854896,-117.3262939
84,Somerset Academy,?,"14705 Riverside Drive, Riverside, CA 92518",https://www.greatschools.org/california/riverside/16380-Somerset-Academy/#Neighborhood,33.9091899,-117.252419
85,St. Joseph's,?,"17355 Mc Allister Street, Riverside, CA 92503",https://www.greatschools.org/california/riverside/16381-St.-Josephs/#Neighborhood,33.8678589,-117.4392578
86,Vineyard Christian,?,"533 Massachusetts Avenue, Riverside, CA 92507",https://www.greatschools.org/california/riverside/16386-Vineyard-Christian/#Neighborhood,33.9869455,-117.3232901
87,Islamic Academy of Riverside,?,"1038 W Linden St, Riverside, CA 92507",https://www.greatschools.org/california/riverside/21611-Islamic-Academy-Of-Riverside/#Neighborhood,33.9785334,-117.3341451
88,Lovetts Children Inc,?,"10744 Hole Avenue, Riverside, CA 92505",https://www.greatschools.org/california/riverside/21613-Lovetts-Children-Inc/#Neighborhood,33.91754,-117.4796753
89,Sierra Pre-School,?,"11077 Whitford Avenue, Riverside, CA 92505",https://www.greatschools.org/california/riverside/21614-Sierra-Pre-School/#Neighborhood,33.918188,-117.4869855
90,Woodcrest Montessori Education Center,43,"16191 Washington Street, Riverside, CA 92504",https://www.greatschools.org/california/riverside/21615-Woodcrest-Montessori-Education-Center/#Neighborhood,33.8845783,-117.3666282
91,My Little School House,?,"1736 E La Cadena Dr, Riverside, CA 92501",https://www.greatschools.org/california/riverside/21616-My-Little-School-House/#Neighborhood,33.9959561,-117.3549224
92,Casa Blanca Head Start,?,"3020 Madison St, Riverside, CA 92504",https://www.greatschools.org/california/riverside/21618-Casa-Blanca-Head-Start/#Neighborhood,33.9309611,-117.4010813
93,U Cal-Riverside Chldrn's Center,?,"3333 Watkins Drive, Riverside, CA 92507",https://www.greatschools.org/california/riverside/21619-U-Cal-Riverside-Chldrns-Center/#Neighborhood,33.9823854,-117.3256318
94,RSCS-Noah's Ark Child Development Center,?,"3600 Park Ave, Riverside, CA 92507",https://www.greatschools.org/california/riverside/21620-RSCS-Noahs-Ark-Child-Development-Center/#Neighborhood,33.9788046,-117.3631395
95,Salvation Army Pre-School,?,"3695 1st Street, Riverside, CA 92501",https://www.greatschools.org/california/riverside/21621-Salvation-Army-Pre-School/#Neighborhood,33.9888127,-117.3686709
96,Carolyn E. Wylie Center for Children - Grant,?,"4011 14th St, Riverside, CA 92501",https://www.greatschools.org/california/riverside/21622-Carolyn-E.-Wylie-Center-For-Children---Grant/#Neighborhood,33.9782678,-117.3820743
97,YMCA of Riverside City & County,?,"4020 Jefferson St, Riverside, CA 92504",https://www.greatschools.org/california/riverside/21623-YMCA-Of-Riverside-City--County/#Neighborhood,33.9403387,-117.4204939
98,Riverside Ymca Child Care Center-Jackson,?,"4585 Jackson Street, Riverside, CA 92503",https://www.greatschools.org/california/riverside/21624-Riverside-Ymca-Child-Care-Center-Jackson/#Neighborhood,33.93685,-117.4485268
99,First Christian Nursery School,?,"4055 Jurupa Avenue, Riverside, CA 92506",https://www.greatschools.org/california/riverside/21625-First-Christian-Nursery-School/#Neighborhood,33.9614046,-117.3957724
100,Cottonwood Mont Pre-School,?,"4302 Pedley Road, Riverside, CA 92509",https://www.greatschools.org/california/riverside/21628-Cottonwood-Mont-Pre-School/#Neighborhood,34.0099592,-117.474944
101,Centro De Ninos,?,"2010 Martin Luther King Boulevard, Riverside, CA 92507",https://www.greatschools.org/california/riverside/21629-Centro-De-Ninos/#Neighborhood,33.9680628,-117.3551833
102,Building Loving Hands Child Care Center,?,"4550 La Sierra Ave., Riverside, CA 92505",https://www.greatschools.org/california/riverside/21630-Building-Loving-Hands-Child-Care-Center/#Neighborhood,33.9144667,-117.4858772
103,Kids Umlimited Children's Center,?,"4655 Texas St, Riverside, CA 92504",https://www.greatschools.org/california/riverside/21631-Kids-Umlimited-Childrens-Center/#Neighborhood,33.9451443,-117.4377886
104,Eden Lutheran Pre-School,?,"4725 Brockton Avenue, Riverside, CA 92506",https://www.greatschools.org/california/riverside/21632-Eden-Lutheran-Pre-School/#Neighborhood,33.975606,-117.3873757
105,Faith Community Child Development Center,?,"4750 Challen Ave, Riverside, CA 92503",https://www.greatschools.org/california/riverside/21633-Faith-Community-Child-Development-Center/#Neighborhood,33.9296363,-117.461125
106,Riverside City College Erly Ch Development,?,"4800 Magnolia Avenue, Riverside, CA 92506",https://www.greatschools.org/california/riverside/21634-Riverside-City-College-Erly-Ch-Development/#Neighborhood,33.9714889,-117.3808994
107,First United Methodist Pre-School,?,"4845 Brockton Avenue, Riverside, CA 92506",https://www.greatschools.org/california/riverside/21635-First-United-Methodist-Pre-School/#Neighborhood,33.973503,-117.38951
108,Childrens Discovery Center,?,"Po Box 2740, Riverside, CA 92516",https://www.greatschools.org/california/riverside/21636-Childrens-Discovery-Center/#Neighborhood,33.9546403,-117.3936282
109,Mary's Tot Stop Child Development Center,?,"5123 La Sierra Ave, Riverside, CA 92505",https://www.greatschools.org/california/riverside/21638-Marys-Tot-Stop-Child-Development-Center/#Neighborhood,33.923882,-117.4912638
110,First Baptist Day Nursery,?,"5500 Alessandro Boulevard, Riverside, CA 92506",https://www.greatschools.org/california/riverside/21639-First-Baptist-Day-Nursery/#Neighborhood,33.95260200000001,-117.358744
111,Kid's Time,?,"5524 Grand Avenue, Riverside, CA 92504",https://www.greatschools.org/california/riverside/21640-Kids-Time/#Neighborhood,33.9697763,-117.4020514
112,Kids of America,?,"5549 Van Buren Blvd, Riverside, CA 92503",https://www.greatschools.org/california/riverside/21641-Kids-Of-America/#Neighborhood,33.9400141,-117.4531152
113,Montessori Academy,?,"6200 Pachappa Drive, Riverside, CA 92506",https://www.greatschools.org/california/riverside/21642-Montessori-Academy/#Neighborhood,33.9562518,-117.3821397
114,Montessori Academy,?,"7141 Indiana Ave, Riverside, CA 92504",https://www.greatschools.org/california/riverside/21643-Montessori-Academy/#Neighborhood,33.9391146,-117.3981097
115,Carolyn E. Wylie Center for Children - Potomac,?,"7177 Potomac St, Riverside, CA 92504",https://www.greatschools.org/california/riverside/21644-Carolyn-E.-Wylie-Center-For-Children---Potomac/#Neighborhood,33.9439846,-117.4030955
116,University Children's Center,?,"807 W Blaine St, Riverside, CA 92507",https://www.greatschools.org/california/riverside/21646-University-Childrens-Center/#Neighborhood,33.9841283,-117.329167
117,Arlington Christian Pre-School,?,"9085 California Ave, Riverside, CA 92503",https://www.greatschools.org/california/riverside/21647-Arlington-Christian-Pre-School/#Neighborhood,33.9315108,-117.4439383
118,YMCA-Riverside-Jurupa,?,"9254 Galena, Riverside, CA 92509",https://www.greatschools.org/california/riverside/21648-YMCA-Riverside-Jurupa/#Neighborhood,34.0041826,-117.4853819
119,Ymca Day Care-Rivside,?,"9254 Galena Street, Riverside, CA 92509",https://www.greatschools.org/california/riverside/21649-Ymca-Day-Care-Rivside/#Neighborhood,34.0041826,-117.4853819
120,Jurupa Family YMCA,?,"9254 Galena St, Riverside, CA 92509",https://www.greatschools.org/california/riverside/21650-Jurupa-Family-YMCA/#Neighborhood,34.0041826,-117.4853819
121,Somerset Educational Services School,65,"17241 Van Buren Boulevard, Riverside, CA 92504",https://www.greatschools.org/california/riverside/10123-Somerset-Educational-Services-School/#Neighborhood,33.8819772,-117.3623018
122,Mission Bell Academy,119,"9994 County Farm Road, Riverside, CA 92503",https://www.greatschools.org/california/riverside/10442-Mission-Bell-Academy/#Neighborhood,33.9184971,-117.4580247
123,St. Paul Lutheran,?,"5939 Magnolia Avenue, Riverside, CA 92506",https://www.greatschools.org/california/riverside/10534-St.-Paul-Lutheran/#Neighborhood,33.9616019,-117.3921255
124,Riverside Montessori Academy,108,"7141 Indiana Avenue, Riverside, CA 92504",https://www.greatschools.org/california/riverside/10846-Riverside-Montessori-Academy/#Neighborhood,33.9391146,-117.3981097
125,Apple Tree Learning Center,55,"220 West Big Springs Road, Riverside, CA 92507",https://www.greatschools.org/california/riverside/11299-Apple-Tree-Learning-Center/#Neighborhood,33.9751668,-117.3161274
126,Sunshine Special Education School,74,"9390 California Avenue, Riverside, CA 92503",https://www.greatschools.org/california/riverside/12634-Sunshine-Special-Education-School/#Neighborhood,33.9274885,-117.4491921
127,Hawarden Hills Academy,285,"6696 Via Vista Drive, Riverside, CA 92506",https://www.greatschools.org/california/riverside/13062-Hawarden-Hills-Academy/#Neighborhood,33.9294137,-117.3482887
128,La Petite Academy #7196,?,"11100 Collett Avenue, Riverside, CA 92505",https://www.greatschools.org/california/riverside/13143-La-Petite-Academy-7196/#Neighborhood,33.9109277,-117.4839701
129,Cottonwood Montessori,30,"4174 Mobley Avenue, Riverside, CA 92505",https://www.greatschools.org/california/riverside/13235-Cottonwood-Montessori/#Neighborhood,33.9147968,-117.4713073
130,Montessori Children's House School,33,"10493 Magnolia Avenue, Riverside, CA 92505",https://www.greatschools.org/california/riverside/13280-Montessori-Childrens-House-School/#Neighborhood,33.9103897,-117.4656442
131,Temple Beth El Child Development Center,?,"2675 Central Avenue, Riverside, CA 92506",https://www.greatschools.org/california/riverside/13431-Temple-Beth-El-Child-Development-Center/#Neighborhood,33.9542989,-117.3688742
132,Kindercare Learning Center,16,"5445 Canyon Crest Drive, Riverside, CA 92507",https://www.greatschools.org/california/riverside/13583-Kindercare-Learning-Center/#Neighborhood,33.9545725,-117.3293781
133,La Petite Academy,?,"6212 Clay Street, Riverside, CA 92509",https://www.greatschools.org/california/riverside/13584-La-Petite-Academy/#Neighborhood,33.9754106,-117.4614138
134,All Saints' Carden Academy,84,"3847 Terracina Drive, Riverside, CA 92506",https://www.greatschools.org/california/riverside/13606-All-Saints-Carden-Academy/#Neighborhood,33.9731448,-117.3841739
135,Learning Bee Montessori Academy,?,"10235 Wells Ave, Riverside, CA 92503",https://www.greatschools.org/california/riverside/24351-Learning-Bee-Montessori-Academy/#Neighborhood,33.9296676,-117.4730966
136,Riverside Christian Middle School,?,"8223 California Ave, Riverside, CA 92504",https://www.greatschools.org/california/riverside/24462-Riverside-Christian-Middle-School/#Neighborhood,33.9404097,-117.4281988
137,Taft Child Dev Centers,?,"959 Mission Grove Pkwy N, Riverside, CA 92506",https://www.greatschools.org/california/riverside/24543-Taft-Child-Dev-Centers/#Neighborhood,33.9277041,-117.3329203
138,Preschool Grasp,150,"3939 13th Street, Riverside, CA 92502",https://www.greatschools.org/california/riverside/24668-Preschool-Grasp/#Neighborhood,33.9789061,-117.3804219
139,Riverside KinderCare,?,"7920 Limonite Ave, Riverside, CA 92509",https://www.greatschools.org/california/riverside/24898-Riverside-KinderCare/#Neighborhood,33.9769036,-117.4580706
140,Allegiant Christian School,168,"9119 Deodar Court, Riverside, CA 92503",https://www.greatschools.org/california/riverside/26138-Allegiant-Christian-School/#Neighborhood,33.9124747,-117.4300573
141,Faith Christian School,30,"5363 Tyler Street, Riverside, CA 92503",https://www.greatschools.org/california/riverside/26149-Faith-Christian-School/#Neighborhood,33.9339843,-117.4771568
142,Canyon Crest High School,15,"5225 Canyon Crest Drive, Riverside, CA 92507",https://www.greatschools.org/california/riverside/26165-Canyon-Crest-High-School/#Neighborhood,33.9552829,-117.3301082
143,Starting Gate Educational Services,106,"4011 14th Street, Riverside, CA 92501",https://www.greatschools.org/california/riverside/26169-Starting-Gate-Educational-Services/#Neighborhood,33.9782678,-117.3820743
144,The Real Academy,?,"11801 Pierce Street, Riverside, CA 92505",https://www.greatschools.org/california/riverside/26171-The-Real-Academy/#Neighborhood,33.9015972,-117.4935939
145,University Hills Academy,?,"1085 W. Linden Street, Riverside, CA 92507",https://www.greatschools.org/california/riverside/26485-University-Hills-Academy/#Neighborhood,33.9805244,-117.334673
146,Sherman Indian High School,?,"9010 Magnolia Avenue, Riverside, CA 92503",https://www.greatschools.org/california/riverside/26624-Sherman-Indian-High-School/#Neighborhood,33.9231614,-117.4372407
147,Mentone Adventist Team School,8,"Po Box 127, Riverside, CA 92503",https://www.greatschools.org/california/riverside/26760-Mentone-Adventist-Team-School/#Neighborhood,33.8833867,-117.4438924
148,Our Lady Of Perpetual Help School,257,"6686 Streeter Avenue, Riverside, CA 92504",https://www.greatschools.org/california/riverside/26775-Our-Lady-Of-Perpetual-Help-School/#Neighborhood,33.9522522,-117.4179651
149,Growing Place Day Care Center,?,"4259 Jurupa Avenue, Riverside, CA 92506",https://www.greatschools.org/california/riverside/27341-Growing-Place-Day-Care-Center/#Neighborhood,33.9616346,-117.3986895
150,Kidd Street Pre-Sch-Riverside,?,"10250 Kidd Street, Riverside, CA 92503",https://www.greatschools.org/california/riverside/27593-Kidd-Street-Pre-Sch-Riverside/#Neighborhood,33.9159945,-117.462567
151,Youth Skills Child Care Center,?,"5111 Felspar Street, Riverside, CA 92509",https://www.greatschools.org/california/riverside/27595-Youth-Skills-Child-Care-Center/#Neighborhood,33.9954412,-117.484436
152,Sweeney Family Child Care Center,?,"3760 Linwood Place, Riverside, CA 92506",https://www.greatschools.org/california/riverside/27695-Sweeney-Family-Child-Care-Center/#Neighborhood,33.9647,-117.388388
153,Club Discovery-Champions,?,"3635 Madison Street, Riverside, CA 92504",https://www.greatschools.org/california/riverside/27959-Club-Discovery-Champions/#Neighborhood,33.9390568,-117.4065058
154,Club Discovery- Rivera,?,"20440 Red Poppy Lane, Riverside, CA 92508",https://www.greatschools.org/california/riverside/28063-Club-Discovery--Rivera/#Neighborhood,33.8884683,-117.3061405
155,Melody Lane Childrens Center,?,"9191 Colorado Avenue, Riverside, CA 92503",https://www.greatschools.org/california/riverside/28123-Melody-Lane-Childrens-Center/#Neighborhood,33.936623,-117.4513946
156,Grove Community Church Ps,?,"19900 Grove Community Drive, Riverside, CA 92508",https://www.greatschools.org/california/riverside/28198-Grove-Community-Church-Ps/#Neighborhood,33.9002791,-117.3156939
157,Carolyn E Wylie Child Care Center,?,"4011 14th Street, Riverside, CA 92501",https://www.greatschools.org/california/riverside/28417-Carolyn-E-Wylie-Child-Care-Center/#Neighborhood,33.9782678,-117.3820743
158,Ymca Dc-Jurupa,?,"9254 Galena Street, Riverside, CA 92509",https://www.greatschools.org/california/riverside/28522-Ymca-Dc-Jurupa/#Neighborhood,34.0041826,-117.4853819
159,Ymca Dc-Cottonwood,?,"4020 Jefferson Street, Riverside, CA 92504",https://www.greatschools.org/california/riverside/28577-Ymca-Dc-Cottonwood/#Neighborhood,33.9403387,-117.4204939
160,Ymca Dc-Longfellow,?,"3610 Eucalyptus Avenue, Riverside, CA 92507",https://www.greatschools.org/california/riverside/28625-Ymca-Dc-Longfellow/#Neighborhood,33.977416,-117.3586867
161,Infant Child Care Center-You're Invited,?,"3991 Madison Street, Riverside, CA 92504",https://www.greatschools.org/california/riverside/28633-Infant-Child-Care-Center-Youre-Invited/#Neighborhood,33.9446366,-117.4117188
162,Rusdlongfellow Head Start,?,"7675 Magnolia Avenue, Riverside, CA 92504",https://www.greatschools.org/california/riverside/28738-Rusdlongfellow-Head-Start/#Neighborhood,33.9402856,-117.4128765
163,Childrens Garden Learning Center,?,"5475 Tyler Street, Riverside, CA 92503",https://www.greatschools.org/california/riverside/28949-Childrens-Garden-Learning-Center/#Neighborhood,33.9350135,-117.4775753
164,Ymca Of Riverside Hope Luthe,?,"4020 Jefferson Street, Riverside, CA 92504",https://www.greatschools.org/california/riverside/29188-Ymca-Of-Riverside-Hope-Luthe/#Neighborhood,33.9403387,-117.4204939
165,Collett Head Start,?,"10850 Collett Avenue, Riverside, CA 92505",https://www.greatschools.org/california/riverside/29375-Collett-Head-Start/#Neighborhood,33.9134996,-117.4788059
166,Rcoerosemary Kennedy Head Start,?,"Po Box 868, Riverside, CA 92502",https://www.greatschools.org/california/riverside/29376-Rcoerosemary-Kennedy-Head-Start/#Neighborhood,33.9799999,-117.37
167,Montessori Childrens House,?,"10493 Magnolia Avenue, Riverside, CA 92505",https://www.greatschools.org/california/riverside/29377-Montessori-Childrens-House/#Neighborhood,33.9103897,-117.4656442
168,Rcoearlanza Head Start,?,"Po Box 868, Riverside, CA 92502",https://www.greatschools.org/california/riverside/29479-Rcoearlanza-Head-Start/#Neighborhood,33.9799999,-117.37
169,Cbhns-Casa Blanca Head Start,?,"7680 Casa Blanca Street, Riverside, CA 92504",https://www.greatschools.org/california/riverside/29496-Cbhns-Casa-Blanca-Head-Start/#Neighborhood,33.9320414,-117.4067901
170,Rcoe-Perris Early Head Start,?,"Po Box 868, Riverside, CA 92502",https://www.greatschools.org/california/riverside/29603-Rcoe-Perris-Early-Head-Start/#Neighborhood,33.9799999,-117.37
171,Childrens Lghthse Dc-Riverside,?,"19743 Lurin Avenue, Riverside, CA 92508",https://www.greatschools.org/california/riverside/29743-Childrens-Lghthse-Dc-Riverside/#Neighborhood,33.8755599,-117.3186516
172,World Academy Aft/Sch Pgrm,?,"16162 Cousins Circle, Riverside, CA 92503",https://www.greatschools.org/california/riverside/29800-World-Academy-Aft-Sch-Pgrm/#Neighborhood,33.8848857,-117.4938327
173,Bridges Child Development Center,?,"4285 Gardendale Court, Riverside, CA 92505",https://www.greatschools.org/california/riverside/30046-Bridges-Child-Development-Center/#Neighborhood,33.9065967,-117.4915039
174,Helping Hands Child Development Center,?,"8201 Arlington Avenue, Riverside, CA 92503",https://www.greatschools.org/california/riverside/30298-Helping-Hands-Child-Development-Center/#Neighborhood,33.9469598,-117.4607561
175,Foot Prints Learning Center,?,"6802 Laurelbrook Drive, Riverside, CA 92506",https://www.greatschools.org/california/riverside/30499-Foot-Prints-Learning-Center/#Neighborhood,33.9271709,-117.3269933
176,Educational Options Center State Preschool,?,"6401 Lincoln Avenue, Riverside, CA 92506",https://www.greatschools.org/california/riverside/31144-Educational-Options-Center-State-Preschool/#Neighborhood,33.9411683,-117.3793351
177,"Bright Futures Academy, Riverside",129,"9994 County Farm Road, Riverside, CA 92503",https://www.greatschools.org/california/riverside/31424-Bright-Futures-Academy-Riverside/#Neighborhood,33.9184971,-117.4580247
178,Living Faith Christian Academy,12,"1110 Cozumel Court, Riverside, CA 92501",https://www.greatschools.org/california/riverside/31437-Living-Faith-Christian-Academy/#Neighborhood,34.0048025,-117.3527758
179,Parents Choice,6,"20372 Harvard Way, Riverside, CA 92507",https://www.greatschools.org/california/riverside/31444-Parents-Choice/#Neighborhood,33.9549387,-117.3077247
180,Praada Academy,260,"19170 Pemberton Place, Riverside, CA 92508",https://www.greatschools.org/california/riverside/31446-Praada-Academy/#Neighborhood,33.9127187,-117.3278815
181,United Christian Academy Riverside,6,"3346 Inverness Street, Riverside, CA 92507",https://www.greatschools.org/california/riverside/31448-United-Christian-Academy-Riverside/#Neighborhood,33.982221,-117.314259
182,Summit Elementary,?,"10368 Campbell Avenue, Riverside, CA 92505",https://www.greatschools.org/california/riverside/32668-Summit-Elementary/#Neighborhood,33.9358336,-117.4812628
183,Summit Secondary,3,"10368 Campbell Avenue, Riverside, CA 92505",https://www.greatschools.org/california/riverside/32669-Summit-Secondary/#Neighborhood,33.9358336,-117.4812628
184,Gateway,?,"4501 Ambs Drive, Riverside, CA 92505",https://www.greatschools.org/california/riverside/32670-Gateway/#Neighborhood,33.9057679,-117.4994293
185,Abraham Lincoln Continuation School,197,"4341 Victoria Avenue, Riverside, CA 92507",https://www.greatschools.org/california/riverside/4468-Abraham-Lincoln-Continuation-School/#Neighborhood,33.9712469,-117.3662484
186,Raincross High (Continuation) School,143,"6401 Lincoln Avenue, Riverside, CA 92506",https://www.greatschools.org/california/riverside/4477-Raincross-High-Continuation-School/#Neighborhood,33.9411683,-117.3793351
187,St. Francis De Sales School,220,"4205 Mulberry Street, Riverside, CA 92501",https://www.greatschools.org/california/riverside/8360-St.-Francis-De-Sales-School/#Neighborhood,33.9758991,-117.37304
188,Saint Catherine Of Alexandria School,242,"7025 Brockton Avenue, Riverside, CA 92506",https://www.greatschools.org/california/riverside/8362-Saint-Catherine-Of-Alexandria-School/#Neighborhood,33.945826,-117.397374
189,Our Lady Of Perpetual Help,238,"6686 Streeter Avenue, Riverside, CA 92504",https://www.greatschools.org/california/riverside/8363-Our-Lady-Of-Perpetual-Help/#Neighborhood,33.9522522,-117.4179651
190,Notre Dame High School,485,"7085 Brockton Avenue, Riverside, CA 92506",https://www.greatschools.org/california/riverside/8365-Notre-Dame-High-School/#Neighborhood,33.9444367,-117.3959417
191,Riverside Christian Schools,326,"3532 Monroe Street, Riverside, CA 92504",https://www.greatschools.org/california/riverside/8484-Riverside-Christian-Schools/#Neighborhood,33.9251484,-117.4295296
192,Immanuel Lutheran Elementary School,283,"3532 Monroe Street, Riverside, CA 92504",,33.9251484,-117.4295296
193,Calvary Chapel Jurupa Valley Christian,?,"9021 Hastings Boulevard, Riverside, CA 92509",,34.0156097,-117.4800381
194,Montessori Academy,78,"6200 Pachappa Drive, Riverside, CA, 92506",,33.9562518,-117.3821397
195,Woodcrest Christian,540,"18401 Van Buren Boulevard, Riverside, CA, 92508",,33.8843006,-117.3432478
196,Riverside Christian Day School,399,"3612 Arlington Avenue, Riverside, CA, 92506",,33.9451793,-117.3920803
197,Harvest Christian School,415,"6115 Arlington Avenue, Riverside, CA, 92504",,33.9478398,-117.4358163
198,La Sierra Academy,558,"4900 Golden Avenue, Riverside, CA, 92505",,33.9170082,-117.4956448
199,Immanuel Baptist School,17,"45 Michigan Avenue, Riverside, CA, 92507",,34.0182749,-117.3230376
200,Growing Place School,119,"4259 Jurupa Avenue, Riverside, CA, 92506",,33.9616346,-117.3986895
201,Islamic Academy Of Riverside,48,"1038 West Linden Street, Riverside, CA, 92507",,33.9785334,-117.3341451
202,Learning Bee Montessori Academy,4,"10235 Wells Ave, Riverside, CA, 92503",,33.9296676,-117.4730966
